{
    "1044057316": [
        {
            "title": "kfsdkj",
            "description": ";ld",
            "deadline": "jkd",
            "status": false
        },
        {
            "title": "jkjel;ld",
            "description": "lklfdkfd",
            "deadline": "lkldk",
            "status": false
        },
        {
            "title": "Удалить",
            "description": "Обновить",
            "deadline": "Список",
            "status": false
        },
        {
            "title": "Список",
            "description": "Обновить",
            "deadline": "Удалить",
            "status": false
        },
        {
            "title": "Kasym",
            "description": "Buy milk",
            "deadline": "tomorrow",
            "status": false
        },
        {
            "title": "Список",
            "description": "Список",
            "deadline": "Список",
            "status": false
        }
    ]
}